home_team_api_id,away_team_api_id,home_team_goal,away_team_goal,home_player_1,home_player_2,home_player_3,home_player_4,home_player_5,home_player_6,home_player_7,home_player_8,home_player_9,home_player_10,home_player_11,away_player_1,away_player_2,away_player_3,away_player_4,away_player_5,away_player_6,away_player_7,away_player_8,away_player_9,away_player_10,away_player_11
9825,8654,0,2,30859,26154,35606,46539,38521,159594,37436,75489,36378,196386,46469,169756,109897,35110,49543,155782,37169,575789,148302,25496,18506,192899
8678,10252,0,1,30974,35515,24625,156013,68237,155913,46810,23629,24381,185236,184321,69650,183500,24208,161414,473853,261313,179410,182223,23991,154280,23264
8455,10003,2,2,170323,31306,23783,30627,72541,115067,30613,94086,128864,107417,19243,30973,111800,155050,24948,102356,127130,144996,95955,157729,52563,26344
8668,9817,2,2,31465,77690,263653,23268,316688,23782,101192,26151,160713,215384,181276,30455,213809,41927,40548,35712,41365,30966,24915,37411,71724,72436
8197,8472,4,2,37770,67850,38899,23571,139671,103419,173317,214570,278343,20694,286119,103428,22964,26108,165526,180330,35443,25150,109058,24159,30348,42598
10260,8586,1,0,109060,46820,165823,161012,362694,34944,46893,41468,303824,23354,30829,37193,159833,160599,37762,276121,500520,361315,41008,157723,110189,194165
10261,8466,2,2,24229,104482,30929,277761,240236,109652,160243,94550,108038,39968,46700,30841,160627,26552,72665,538112,23792,166676,94267,303339,109491,41280
9850,9826,1,3,40602,32616,24903,26209,231801,46354,24583,40100,35493,32734,37779,119079,146830,23837,23030,183519,35345,26160,28901,198510,149917,35523
10194,8650,0,1,288880,34036,119541,173382,37194,199291,23253,33881,39109,26434,72735,37868,157838,114268,22764,568571,184536,156008,38807,280653,37234,148315
8659,8456,0,3,23021,169162,23257,33086,163200,25075,175947,24171,24148,39225,239807,31432,26111,39027,156551,16351,36615,40196,33991,37459,246575,143365
9825,8668,2,1,30859,427438,177503,46539,38521,159594,37436,196386,36378,50047,46469,31465,77690,263653,23268,316688,101192,23782,251925,215384,30895,181276
10252,10003,1,2,69650,32870,24208,33086,30352,183500,179410,154280,23264,312765,107415,30973,111800,155050,24948,102356,144996,127130,95955,157729,52563,26344
8678,8586,1,5,30974,35515,156013,24216,68237,155913,24381,23629,46810,185236,35523,26295,46353,159833,160599,37762,41008,174850,157723,361315,363333,194165
8197,9826,1,0,37770,49571,23571,38899,43061,139671,173317,319300,214570,278343,286119,36283,23358,23837,26777,154271,28901,26160,46417,35345,160194,24157
8650,8466,1,1,37868,157838,22764,94043,314605,307021,95327,38807,184536,37234,426202,30841,26552,209405,160627,46010,166676,209384,94267,23792,303339,41280
10260,8456,0,0,182917,35327,186137,165823,161035,30872,164676,46893,41468,413557,30829,31432,26111,16351,39027,174321,40196,169200,101103,246575,36615,143365
9850,8659,0,1,40602,24903,72417,26209,231801,201664,40100,46354,23538,35493,38369,23021,169162,32441,43248,23257,33468,24148,113968,175947,51545,239807
10194,9817,0,2,288880,34036,119541,200962,37194,23253,39109,176300,96643,110148,172321,30455,213809,40548,114769,417068,22991,41365,24915,72436,25816,101419
8472,10261,3,0,103428,432040,24150,26108,22964,25150,109330,24159,39139,42598,32627,23979,104482,277761,30929,308932,94550,38373,160243,108038,479020,351860
8654,8455,2,1,169756,214685,109897,24751,155782,148302,37169,18506,210276,25496,192899,46518,281207,23783,30627,72541,79574,115067,94086,30613,107417,19243
8455,8650,1,3,46518,281207,23783,30627,72541,79574,32345,94086,128864,107417,19243,37868,157838,22764,94043,314605,38807,95327,307021,37234,184536,242709
9826,10260,0,0,36283,154271,23837,23030,146830,26160,28901,198510,35345,160194,363340,182917,46820,165823,161012,161035,46893,30872,41468,164676,413557,30829
8668,8472,6,2,31465,77690,263653,213878,193859,101192,23782,251925,215384,30922,181276,103428,165526,30362,22964,432040,25150,109330,180330,24159,30348,32627
8456,9850,2,1,31432,26111,39027,174321,16351,33991,36615,40196,169200,643709,143365,40602,24903,72417,26209,25667,231801,40100,71502,23538,46354,31953
10261,10194,0,0,23979,104482,277761,30929,308932,94550,38373,109652,108038,351860,479020,288880,34036,40695,200962,37194,39109,23253,176300,96643,110148,33881
8466,8678,2,0,30841,160627,26552,209405,46010,166676,209384,23792,303339,94267,41280,38617,160447,35515,24216,68237,155913,23629,155129,46810,24381,35523
10003,9825,0,3,30973,111800,155050,24948,102356,144996,127130,95955,157729,52563,26344,30859,427438,35606,46539,38521,159594,37436,242094,36378,50047,46469
8586,10252,3,1,26295,159833,160599,37762,46353,361315,363333,174850,41008,157723,194165,69650,32870,161414,33086,30352,183500,56972,182223,23991,312765,23264
9817,8654,2,0,30455,213809,114769,40548,417068,41365,22991,25816,72436,24915,101419,169756,214685,109897,24751,155782,148302,37169,210276,25496,106228,47382
8659,8197,2,3,23021,169162,32441,43248,23257,33468,24148,113968,175947,239807,51545,37770,49571,23571,38899,214570,278343,173317,319300,139671,26554,286119
9825,8586,1,1,30859,26154,35606,46539,38521,159594,37436,242094,36378,50047,46469,26295,159833,160599,37762,46353,361315,363333,174850,41008,157723,194165
10252,8456,0,0,69650,32870,161414,24208,473853,261313,56972,179410,358289,154280,23991,31432,26111,39027,174321,16351,40196,101103,169200,36615,246575,143365
8678,10261,0,1,38617,160447,35515,24216,68237,155913,46810,23629,160496,155129,185236,23979,104482,277761,30929,308932,94550,109652,38373,108038,479020,351860
8197,9817,2,1,37770,49571,23571,38899,43061,139671,173317,319300,214570,278343,286119,30455,213809,114769,40548,417068,24915,22991,41365,25816,72436,101419
8650,9826,1,2,37868,157838,22764,94043,314605,307021,95327,280653,184536,37234,148315,36283,154271,23837,23030,183519,26160,28901,198510,35345,160194,46417
10260,8659,2,0,182917,23354,165823,161012,161035,34944,30872,41468,30829,299215,413557,23021,169162,32441,43248,23257,24148,113968,175947,24171,33468,51545
9850,10003,1,0,40602,265918,72417,26209,25667,46354,40100,24393,231801,35493,31953,30973,111800,155050,24948,102356,144996,127130,95955,157729,52563,26344
10194,8455,1,0,288880,34036,40695,200962,37194,23253,39109,176300,96643,110148,33881,46518,72541,281207,30627,324910,79574,115067,150250,94086,107417,19243
8472,8466,0,1,103428,432040,165526,26108,22964,109330,118929,24159,39139,520230,32627,30841,72665,26552,209405,46010,23792,209384,303339,279490,94267,41280
8654,8668,1,1,169756,214685,109897,35110,155782,148302,37169,210276,25496,106228,47382,31465,77690,263653,213878,316688,101192,23782,251925,215384,30922,181276
8455,9850,1,0,46518,31306,281207,30627,467354,30613,115067,94086,107417,150250,19243,40602,265918,72417,26209,25667,201664,46354,71502,24393,231801,38369
9826,8472,0,1,36283,146830,23837,23030,183519,26160,28901,198510,160194,35345,169721,103428,165526,24150,26108,22964,35443,109330,25150,180330,32627,30348
8668,10252,4,0,31465,77690,263653,213878,316688,101192,23782,251925,215384,30922,181276,69650,32870,24208,161414,30352,179410,182223,261313,358289,154280,312765
8456,8650,1,4,31432,26111,30459,156551,16351,36615,101103,33991,169200,246575,37412,37868,157838,22764,114268,314605,307021,95327,38807,37234,184536,242709
10261,8197,0,3,23979,104482,277761,30929,308932,94550,109652,38373,108038,351860,479020,37770,49571,23571,38899,43061,278343,319300,173317,139671,26554,286119
8466,10194,0,1,30841,160627,26552,209405,46010,166676,209384,23293,23792,94267,41280,288880,34036,40695,200962,37194,23253,39109,176300,96643,110148,33881
10003,8678,2,2,30973,111800,165704,24948,102356,127130,144996,95955,23882,38831,150026,38617,35515,156013,24216,68237,155913,23629,46810,160496,155129,185236
8586,8654,4,1,26295,159833,160599,37762,46353,361315,363333,212867,41008,157723,194165,169756,214685,109897,35110,155782,37169,148302,106228,210276,192899,47382
9817,10260,1,2,30455,213809,40548,114769,24915,41365,22991,37411,72436,25816,101419,182917,23354,186137,165823,161012,46893,30872,41468,164676,299215,303824
8659,9825,2,1,23021,169162,26527,43248,23257,113968,24148,24171,33468,175947,51545,30859,427438,35606,46539,38521,37436,159594,50047,36378,78513,46469
10252,9817,2,3,69650,32870,24208,161414,30352,261313,56972,179410,358289,154280,23991,30455,213809,40548,114769,417068,41365,22991,165773,72436,25816,101419
8678,8668,3,3,38617,35515,156013,24216,68237,155913,46810,23629,160496,155129,185236,31465,77690,213878,263653,316688,101192,23782,251925,215384,30922,181276
9826,10261,5,1,36283,146830,23837,23030,183519,26160,28901,160194,35345,198510,169721,23979,104482,277761,30929,308932,160243,109652,94550,108038,479020,46700
8197,10260,1,1,37770,49571,38899,23571,43061,278343,173317,319300,139671,20694,286119,182917,575780,165823,161012,46820,30872,34944,23354,41468,413557,30829
8650,10003,1,0,37868,157838,22764,114268,314605,38807,307021,280653,242709,37234,148315,30973,111800,165704,24948,102356,23882,144996,38831,157729,95955,150026
8456,8466,3,1,28955,26111,30459,174321,16351,40196,78324,169200,36615,246575,37412,30841,72665,26552,209405,46010,166676,212470,303339,23792,279490,23293
9850,9825,1,1,40602,265918,72417,26209,25667,24393,32734,46354,35493,231801,37779,30859,427438,35606,46539,38521,23688,37436,75489,36378,50047,46469
8472,10194,2,0,103428,165526,24150,26108,432040,35443,109330,25150,180330,32627,30348,288880,34036,40695,200962,37194,23253,39109,176300,96643,110148,33881
8586,8455,0,0,26295,159833,160599,37762,46353,361315,160448,212867,41008,157723,194165,46518,31306,281207,23783,72541,115067,30613,94086,128864,150250,107417
8654,8659,1,1,169756,214685,49543,35110,155782,148302,163919,106228,210276,18506,192899,23021,169162,43248,32441,26527,24148,113968,33468,24171,175947,51545
9825,8472,3,1,30859,427438,35606,46539,38521,23688,75489,242094,36378,196386,46469,103428,432040,165526,24150,26108,180330,520230,109330,39139,184822,32627
8455,8678,0,1,170323,31306,281207,23783,324910,30613,115067,94086,128864,150250,107417,30974,160447,35515,156013,68237,23629,155913,46810,155129,160496,185236
8668,9826,1,1,31465,77690,263653,213878,316688,160713,23782,251925,215384,30922,181276,36283,146830,23837,23030,183519,26160,8985,28901,35345,169721,160194
10260,8654,0,0,182917,575780,165823,161012,46820,46893,30872,41468,39618,299215,413557,169756,109897,35110,49543,155782,148302,23678,37169,18506,47382,106228
10261,8650,2,0,23979,104482,30929,277761,308932,94550,160243,109652,108038,103899,46700,37868,157838,22764,114268,314605,47558,95327,38807,280653,148315,242709
8466,10252,1,1,30841,160627,26552,209405,46010,166676,279490,303339,23792,94267,41280,69650,32870,257847,33086,183500,261313,56972,179410,154280,107415,23991
10194,8456,2,0,288880,40695,200962,37194,34036,119541,23253,176300,26434,110148,96643,31432,26111,30459,174321,16351,40196,101103,169200,37459,246575,143365
10003,8197,0,3,30973,111800,165704,24948,102356,23882,144996,95955,157729,38831,26344,37770,49571,23571,38899,43061,278343,173317,319300,139671,26554,286119
9817,9850,2,0,30455,213809,114769,40548,417068,41365,22991,24915,72436,37411,101419,127712,265918,72417,26209,25667,201664,40100,231801,46354,32734,37779
8659,8586,1,1,23021,169162,26527,32441,23257,43248,33468,24148,24171,175947,51545,26295,159833,160599,37762,46353,361315,41008,174850,363333,157723,194165
10252,9825,0,2,69650,32870,257847,33086,183500,261313,56972,179410,154280,107415,23991,30859,427438,35606,46539,38521,23688,75489,242094,36378,31013,46469
8678,10260,2,1,30974,160447,35515,156013,68237,23629,155913,155129,46810,160496,185236,182917,465614,575780,161012,693138,39618,34944,299215,41468,303824,413557
9826,8466,1,0,36283,146830,23837,23030,183519,28901,26160,35345,160194,169721,198510,278285,160627,26552,209405,46010,166676,72665,303339,23792,212470,23293
8197,8455,2,1,37770,49571,23571,38899,43061,278343,173317,319300,139671,26554,286119,170323,31306,281207,30627,72541,79574,115067,94086,128864,107417,19243
8650,8659,2,2,37868,157838,22764,114268,314605,307021,156008,38807,37234,148315,184536,23021,169162,32441,26527,23257,43248,25075,24148,24171,175947,51545
8456,10003,2,1,31432,26111,174321,156551,31291,40196,36615,33991,37459,246575,143365,30973,89185,155050,24948,102356,23882,46008,38831,144996,157729,95955
9850,8668,1,1,127712,265918,24903,26209,25667,24393,40100,201664,35493,231801,31953,31465,77690,263653,213878,24846,160713,23782,251925,215384,30922,181276
8472,9817,0,1,103428,22964,24150,165526,180330,432040,39139,109330,184822,32627,520230,30455,213809,40548,114769,417068,25816,41365,22991,37411,72436,101419
8586,10261,1,2,26295,159833,160599,37762,46353,361315,212702,174850,363333,157723,194165,23979,104482,277761,30929,308932,94550,109652,160243,108038,103899,46700
8654,10194,0,0,169756,109897,49543,24751,155782,23678,37169,158545,148302,18506,47382,288880,34036,40695,200962,37194,23253,119541,26434,199291,110148,96643
9825,8456,2,1,30859,427438,35606,46539,38521,75489,23688,31013,36378,242094,46469,31432,26111,156551,174321,16351,40196,78324,37459,36615,169200,37412
8455,8472,3,1,170323,31306,281207,30627,72541,30613,115067,94086,128864,150250,19243,103428,22964,165526,24150,26108,180330,520230,109330,109058,39139,30348
8668,8197,2,3,31465,77690,263653,213878,24846,160713,23782,251925,215384,30922,181276,37770,49571,23571,13423,43061,278343,103419,319300,139671,286119,20694
10260,9850,1,2,182917,161012,165823,186137,23354,34944,39618,303824,413557,41468,30829,127712,24903,72417,26209,25667,40100,24393,201664,35493,231801,31953
10261,10252,1,1,23979,104482,277761,30929,308932,94550,109652,160243,108038,103899,46700,69650,32870,257847,33086,183500,182223,56972,261313,23991,154280,179410
8466,8586,0,2,278285,160627,26552,209405,46010,166676,209384,23792,303339,94267,41280,26295,159833,160599,37762,276121,361315,41008,174850,363333,157723,194165
10194,9826,1,2,288880,34036,40695,200962,37194,199291,23253,26434,176300,96643,110148,36283,146830,23030,23837,183519,198510,28901,22929,35345,169721,160194
10003,8654,0,0,30973,89185,155050,24948,102356,46008,23882,144996,95955,157729,26344,169756,109897,24751,49543,155782,23678,18506,37169,148302,158545,8922
9817,8650,3,0,30455,213809,40548,114769,417068,25816,41365,22991,37411,101419,72436,157303,157838,22764,94043,314605,156008,95327,307021,37234,242709,184536
8659,8678,1,2,23021,169162,32441,26527,23257,43248,25075,24148,24171,175947,51545,30974,160447,35515,156013,68237,23629,155913,155129,46810,160496,35523
10252,8654,1,1,69650,32870,257847,33086,183500,182223,56972,179410,261313,107415,154280,169756,109897,24751,49543,155782,163919,148302,158545,37169,18506,195927
8678,9826,0,0,30974,160447,35515,156013,68237,155913,46810,23629,155129,160496,35523,36283,146830,23837,23030,183519,198510,22929,28901,35345,149917,24157
8455,9817,2,2,170323,31306,23783,30627,72541,30613,115067,94086,128864,150250,19243,30455,213809,40548,114769,35712,25816,41365,22991,37411,72436,101419
8650,8197,1,0,37868,157838,114268,94043,314605,37234,156008,307021,184536,242709,426202,37770,49571,23571,38899,43061,278343,103419,319300,139671,20694,286119
8456,8472,4,1,31432,26111,174321,156551,16351,36615,40196,169200,37459,246575,143365,37233,22964,24150,165526,180330,24159,109330,118929,184822,32627,38759
10261,8668,0,1,23979,104482,277761,30929,308932,94550,109652,160243,108038,479020,351860,31465,77690,263653,213878,24846,160713,23782,215384,30895,181276,26151
8466,9825,4,0,30841,149855,26552,209405,46010,209384,166676,279490,303339,23792,23293,30859,427438,35606,46539,38521,23688,75489,242094,36378,31013,46469
10194,10260,2,0,288880,34036,40695,200962,37194,23253,119541,176300,26434,110148,96643,182917,23354,186137,165823,161012,34944,164676,41468,39618,303824,413557
10003,8659,1,0,30973,89185,155050,102356,24948,23882,144996,157729,38831,52563,95955,23021,169162,32441,43248,26527,113968,23257,25075,24148,24171,39225
8586,9850,3,0,26295,159833,160599,37762,276121,361315,41008,174850,363333,157723,194165,127712,24903,72417,26209,25667,71502,40100,201664,38366,231801,31953
9825,8678,2,0,30859,427438,35606,177503,78513,75489,425255,196386,36378,31013,46469,30974,160447,35515,156013,68237,23629,155913,155129,46810,24381,185236
9826,10003,0,0,36283,146830,26777,23837,183519,8985,28901,198510,26160,35345,25537,30973,193223,24948,478357,102356,46008,127130,111800,28108,313668,26344
8668,10194,3,4,31465,77690,263653,213878,316688,101192,23782,251925,215384,30922,181276,288880,34036,40695,200962,37194,119541,23253,176300,26434,110148,96643
8197,8456,0,0,37770,49571,23571,38899,43061,319300,25818,173317,278343,286119,139671,31432,26111,174321,156551,16351,40196,36615,169200,37459,246575,37412
10260,8455,0,0,182917,23354,165823,161012,46820,30872,46893,41468,164676,413557,30829,170323,31306,281207,30627,72541,32345,115067,94086,128864,150250,107417
9850,10252,2,0,127712,24903,72417,26209,231801,46354,32734,40100,201664,35493,38369,69650,32870,24208,161414,183500,23991,179410,182223,261313,30352,154280
8472,8650,0,1,37233,22964,165526,30362,180330,109330,25150,109058,24159,30348,184822,37868,157838,114268,94043,314605,156008,307021,37234,242709,184536,148315
9817,8586,1,2,30455,24915,40548,114769,417068,25816,22991,41365,37411,72436,101419,26295,191869,160599,37762,46353,361315,41008,212702,363333,174850,194165
8659,10261,1,0,23021,32441,43248,26527,169162,113968,24148,23257,24171,33468,25666,163604,104482,277761,30929,308932,109652,160243,94550,479020,108038,351860
8654,8466,2,1,169756,109897,24751,49543,214685,23678,148302,158545,37169,18506,195927,30841,149855,209405,26552,46010,166676,212470,94267,303339,23792,23293
10252,10260,0,1,69650,183500,24208,161414,473853,179410,182223,261313,154280,23991,23264,109060,46820,165823,161012,362694,34944,46893,41468,449241,303824,30829
9826,9825,1,2,119079,146830,23837,23030,183519,28901,26160,35345,160194,198510,169721,30859,427438,35606,46539,38521,159594,37436,75489,36378,50047,46469
8650,8678,1,0,37868,157838,22764,114268,568571,156008,38807,280653,184536,37234,148315,30974,35515,24625,156013,68237,155913,192780,23629,46349,185236,184321
8456,8455,3,0,31432,26111,39027,156551,16351,36615,40196,33991,37459,246575,37412,46518,31306,23783,30627,72541,79574,115067,94086,30613,107417,19243
8466,8668,0,3,30841,160627,72665,26552,538112,23792,166676,94267,303339,23293,41280,31465,77690,263653,23268,316688,101192,23782,30922,215384,160713,181276
8472,9850,1,3,103428,22964,165526,26108,180330,35443,25150,109330,42598,32627,30348,40602,32616,24903,26209,231801,32734,40100,46354,35493,201664,31953
10003,10261,2,0,30973,111800,155050,24948,102356,46008,127130,95955,157729,52563,26344,24229,104482,277761,30929,240236,109652,160243,94550,108038,39968,46700
8586,10194,2,2,26295,159833,160599,37762,276121,361315,160448,41008,157723,110189,194165,288880,34036,119541,173382,37194,199291,23253,33881,110148,26434,72735
9817,8659,0,0,30455,213809,41927,40548,71724,30966,41365,24915,37411,101419,72436,23021,23257,32441,169162,26527,25075,113968,24148,24171,39225,239807
8654,8197,1,2,169756,214685,35110,49543,155782,37169,575789,25496,192899,148302,18506,37770,67850,38899,23571,214570,278343,103419,173317,139671,20694,286119
9825,10261,1,0,30859,427438,35606,46539,38521,23688,75489,196386,36378,31013,46469,23979,104482,277761,30929,308932,160243,38373,94550,108038,479020,351860
9826,8455,0,3,36283,146830,23837,23030,183519,28901,8985,35345,130670,198510,24157,170323,31306,281207,30627,72541,32345,30613,94086,128864,107417,19243
8668,8586,1,1,31465,77690,263653,213878,24846,160713,23782,30895,215384,30922,181276,26295,159833,160599,37762,276121,361315,212702,157723,363333,174850,194165
8197,8678,0,0,37770,49571,23571,38899,43061,278343,173317,319300,139671,286119,26554,30974,160447,35515,156013,68237,23629,155913,46810,155129,160496,185236
10260,10003,2,1,182917,23354,165823,186137,161012,30872,46893,41468,164676,413557,30829,30973,89185,155050,24948,102356,23882,144996,46008,157729,95955,38831
9850,8466,1,0,127712,24903,72417,26209,231801,24393,40100,46354,35493,201664,38369,30841,149855,26552,209405,46010,209384,166676,94267,23792,279490,23293
8472,10252,3,1,37233,22964,30362,24150,180330,24159,25150,109330,520230,30348,184822,69650,32870,24208,33086,93484,179410,261313,358289,183500,107415,312765
9817,8456,1,2,30455,213809,40548,114769,35712,25816,41365,22991,37411,101419,72436,31432,26111,174321,156551,16351,40196,36615,169200,37459,246575,37412
8659,10194,2,1,23021,169162,32441,43248,23257,24148,113968,25075,24171,33468,39225,288880,34036,40695,200962,37194,119541,23253,176300,26434,110148,96643
8654,8650,2,0,169756,109897,24751,49543,155782,158545,37169,148302,210276,47382,195927,37868,157838,114268,94043,314605,307021,95327,280653,242709,184536,148315
10252,9826,1,0,24579,183500,257847,33086,93484,179410,182223,358289,261313,154280,150401,36283,146830,23837,23030,183519,28901,22929,35345,26160,198510,46417
8678,8654,1,3,30974,160447,35515,156013,68237,23629,155913,46810,155129,160496,232253,169756,109897,24751,49543,155782,37169,163919,195927,25496,158545,47382
10003,8472,2,4,30973,111800,155050,24948,102356,144996,23882,157729,313668,95955,38831,37233,22964,24150,30362,180330,25150,109330,24159,42598,184822,30348
8650,9825,3,3,37868,157838,30831,94043,314605,156008,38807,280653,307021,37234,242709,30859,427438,35606,46539,38521,23688,75489,242094,36378,31013,46469
8455,8659,2,2,170323,31306,30627,281207,72541,30613,32345,94086,128864,150250,19243,23021,169162,32441,26527,43248,24148,113968,175947,23257,24171,51545
8456,8668,0,0,31432,26111,174321,30459,31291,101103,36615,33991,169200,246575,37412,31465,263653,23268,213878,24846,212866,215384,23782,251925,24006,181276
10261,10260,3,3,23979,104482,277761,30929,308932,94550,38373,160243,108038,479020,351860,182917,23354,165823,161012,46820,39618,164676,46893,299215,413557,30829
8466,9817,2,0,95336,160627,26552,209405,46010,212470,209384,23792,303339,538112,23293,30455,213809,41927,114769,35712,25816,41365,22991,37411,101419,72436
10194,9850,3,1,288880,34036,40695,200962,37194,23253,26434,33881,96643,110148,172321,127712,24903,72417,26209,231801,38366,40100,24393,35493,46354,38369
8586,8197,0,1,26295,159833,160599,37762,276121,361315,212702,174850,363333,157723,194165,37770,49571,23571,38899,43061,278343,319300,173317,139671,286119,20694
10252,8197,1,1,24579,183500,257847,33086,93484,261313,179410,182223,358289,150401,154280,37770,49571,23571,38899,43061,319300,173317,278343,20694,139671,286119
8678,9850,3,0,30974,160447,35515,156013,68237,23629,24381,46810,155129,160496,232253,127712,24903,72417,26209,231801,38366,40100,46354,23538,35493,38369
8455,8668,3,3,170323,30627,281207,72541,31306,115067,32345,94086,30613,150250,19243,31465,193859,23268,263653,24846,212866,23782,30895,215384,26151,181276
8650,10260,0,1,37868,157838,30831,94043,314605,156008,95327,307021,38807,242709,37234,182917,23354,165823,161012,46820,46893,39618,299215,164676,413557,30829
8456,9826,4,0,31432,30509,30459,174321,16351,37459,101103,78324,169200,643709,37412,36283,146830,23837,23030,183519,22929,28901,198510,26160,35345,169721
10261,8654,2,1,23979,104482,277761,30929,308932,160243,127130,94550,108038,479020,351860,169756,109897,24751,49543,155782,37169,148302,163919,25496,195927,158545
8466,8659,3,0,95336,160627,26552,209405,46010,166676,279490,23792,303339,538112,23293,23021,169162,32441,26527,43248,33468,24148,113968,175947,25075,25666
10194,9825,0,0,288880,34036,40695,200962,37194,23253,26434,33881,96643,110148,172321,30859,427438,35606,46539,38521,23688,242094,196386,75489,31013,46469
10003,9817,1,0,30973,111800,155050,24948,102356,46008,23882,144996,157729,38831,95955,30455,213809,40548,114769,417068,37411,22991,41365,30966,101419,72436
8586,8472,4,1,26295,191869,160599,37762,46353,361315,41008,174850,363333,157723,194165,303919,22964,24150,30362,180330,109330,25150,24159,42598,38759,30348
9825,8455,0,1,30859,427438,35606,46539,38521,23688,75489,242094,36378,31013,46469,170323,31306,281207,30627,72541,115067,32345,94086,30613,128864,19243
9826,8586,1,3,36283,146830,23837,23030,183519,28901,22929,35345,26160,198510,169721,26295,191869,160599,37762,46353,361315,41008,212867,363333,157723,194165
8668,10003,1,2,31465,193859,263653,213878,24846,23782,212866,251925,215384,26151,181276,30973,89185,155050,24948,102356,46008,23882,144996,157729,38831,95955
8197,10194,3,0,37770,49571,23571,38899,43061,278343,173317,319300,139671,20694,286119,288880,34036,40695,200962,37194,26434,23253,72735,33881,176300,172321
10260,8466,0,1,182917,46820,165823,161012,693138,46893,39618,299215,164676,413557,30829,95336,160627,209405,26552,46010,166676,209384,94267,303339,538112,23293
9850,8650,4,5,127712,163815,24903,26209,231801,32734,46354,201664,32705,35493,38369,37868,157838,30831,94043,314605,156008,95327,307021,38807,242709,280653
8472,8678,1,1,37233,22964,24150,30362,180330,25150,109330,24159,42598,184822,30348,30974,160447,35515,156013,68237,23629,24381,46810,155129,160496,232253
9817,10261,2,1,30455,165773,40548,114769,417068,41365,22991,30966,37411,72436,101419,23979,279489,30929,277761,104482,94010,127130,570431,94550,108038,351860
8659,10252,0,0,24147,169162,32441,26527,43248,113968,24148,25075,33468,175947,51545,24579,24208,257847,33086,93484,183500,182223,179410,358289,150401,154280
8654,8456,2,2,169756,214685,24751,35110,155782,148302,23678,37169,158545,195927,25496,31432,26111,174321,30459,31291,36615,78324,33991,37459,169200,37412
9825,8466,0,0,30859,427438,177503,46539,38521,23688,75489,242094,36378,50047,46469,95336,160627,26552,209405,46010,279490,212470,166676,303339,23293,94267
8197,8650,2,0,37770,49571,23571,38899,43061,278343,319300,173317,139671,20694,286119,37868,157838,114268,94043,314605,95327,307021,38807,156008,37234,242709
9850,8586,0,3,127712,163815,178206,26209,25667,71502,40100,46354,32705,23538,38369,26295,159833,160599,264221,46353,361315,41008,212867,363333,157723,194165
8472,8456,0,1,37233,22964,93457,24150,180330,158879,42598,109330,25150,184822,30348,31432,26111,174321,30459,31291,33991,40196,36615,37459,643709,37412
9817,8455,0,0,30455,165773,40548,41927,35712,41365,22991,30966,37411,72436,101419,170323,31306,281207,30627,72541,32345,115067,30613,128864,94086,19243
8654,10252,2,0,169756,109897,24751,35110,155782,148302,23678,37169,195927,25496,158545,24579,24208,257847,33086,93484,183500,179410,261313,358289,154280,23264
9826,8678,1,2,36283,146830,23837,23030,183519,28901,8985,198510,35345,130670,24157,30974,160447,35515,156013,68237,23629,155913,46810,155129,24381,232253
10260,10194,3,0,182917,46820,165823,161012,693138,34944,39618,299215,41468,413557,30829,288880,34036,200962,173382,37194,26434,23253,33881,96643,110148,30830
8659,10003,1,1,24147,169162,32441,26527,43248,24148,156727,113968,33468,51545,175947,30973,89185,155050,24948,102356,23882,144996,46008,157729,38831,95955
8668,10261,3,0,186054,77690,23268,213878,193859,23782,101192,30895,215384,160713,181276,23979,104482,30929,277761,308932,94010,127130,94550,108038,166422,479020
10252,9850,2,0,24579,24208,257847,33086,93484,358289,182223,261313,183500,179410,23264,127712,24903,26209,231801,178206,24393,71502,46354,32705,35493,38369
8678,9825,0,2,30974,160447,35515,156013,68237,23629,155913,46810,155129,24381,232253,30859,427438,177503,46539,38521,23688,75489,196386,36378,50047,46469
8455,10260,1,1,170323,31306,281207,30627,72541,32345,115067,94086,30613,128864,19243,182917,46820,165823,161012,693138,39618,34944,299215,41468,413557,30829
8650,8472,2,2,37868,157838,114268,94043,314605,307021,47558,38807,156008,37234,242709,37233,22964,93457,24150,180330,158879,520230,25150,109330,166019,30348
8456,8197,1,3,31432,30509,174321,30459,16351,40196,78324,37459,36615,246575,37412,37770,49571,23571,38899,43061,278343,173317,319300,139671,20694,286119
10261,8659,1,0,23979,104482,24228,30929,570431,127130,38373,94550,108038,166422,351860,24147,163200,32441,26527,169162,113968,156727,25075,24148,175947,25666
8466,8654,1,0,95336,209405,26552,72665,160627,209384,166676,46010,303339,41280,23293,169756,109897,24751,35110,155782,23678,37169,158545,25496,106228,195927
10194,8668,0,3,288880,34036,200962,173382,37194,186831,23253,176300,26434,110148,72735,186054,77690,23268,213878,193859,101192,23782,30895,215384,160713,181276
10003,9826,1,1,30973,89185,155050,24948,102356,23882,46008,38831,157729,95955,109121,36283,146830,23837,23030,183519,149917,8985,198510,26160,130670,30960
8586,9817,1,0,26295,191869,160599,264221,276121,361315,41008,174850,157723,110189,194165,30455,213809,40548,114769,417068,25816,41365,22991,37631,37411,101419
9825,8197,2,1,30859,427438,35606,46539,38521,159594,75489,196386,36378,50047,46469,37770,49571,23571,38899,43061,278343,173317,319300,139671,20694,286119
10252,8650,0,6,24579,24208,257847,33086,93484,183500,182223,179410,358289,261313,23264,37868,157838,30831,94043,314605,38807,156008,307021,184536,51553,242709
8678,10194,1,3,30974,160447,35515,156013,68237,23629,160496,46810,155129,24381,232253,288880,34036,200962,173382,37194,23253,186831,176300,26434,33881,72735
8455,10261,5,1,170323,31306,23783,30627,72541,115067,30613,150250,94086,107417,19243,23979,104482,24228,30929,570431,38373,127130,94550,108038,166422,351860
9826,9817,1,2,36283,146830,23837,23030,183519,198510,8985,26160,149917,30960,169721,30455,213809,41927,40548,417068,41365,22991,30966,46120,101419,72436
8668,8659,0,1,186054,77690,213878,23268,193859,101192,23782,30895,215384,160713,181276,24147,163200,169162,26527,43248,33468,113968,24148,175947,51545,239807
8456,8586,1,2,31432,30509,174321,39027,31291,101103,40196,37459,36615,246575,37412,26295,159833,160599,264221,46353,361315,41008,212867,157723,363333,194165
9850,8654,2,2,40602,24903,178206,26209,231801,46354,24393,201664,35493,32705,31953,169756,,24751,49543,155782,37169,23678,163919,158545,195927,25496
8472,10260,2,1,37233,432040,93457,24150,180330,25150,158879,109330,166019,101969,30348,182917,46820,165823,161012,693138,46893,34944,299215,41468,413557,30829
10003,8466,0,1,30973,89185,155050,24948,102356,23882,46008,95955,157729,38831,109121,95336,209405,26552,46010,23792,209384,212470,538112,279490,23293,41280
8197,9850,1,0,37770,436036,23571,38899,43061,278343,173317,319300,139671,286119,20694,40602,163815,24903,178206,72417,201664,40100,46354,231801,32705,31953
8650,8668,4,0,37868,157838,114268,94043,314605,38807,95327,37234,242709,184536,426202,186054,263653,213878,24846,193859,101192,23782,26151,215384,30895,181276
10260,9825,3,2,182917,465614,34944,161012,161035,46893,164676,299215,41468,303824,696365,30859,427438,177503,46539,38521,159594,75489,113836,36378,50047,31013
10261,8456,1,1,163604,109652,277761,279489,308932,166422,38373,160243,94550,479020,46700,31432,30509,39027,156551,16351,36615,101103,33991,169200,78324,37412
8466,8455,1,2,95336,160627,209405,26552,46010,538112,212470,209384,23792,187266,23293,170323,72541,23783,31306,324910,32345,30613,107417,94086,150250,19243
10194,10252,2,1,288880,36786,200962,119541,37194,23253,186831,176300,26434,110148,33881,24579,32870,257847,33086,93484,183500,182223,179410,261313,358289,23264
8586,10003,2,1,26295,159833,160599,264221,46353,361315,212867,363333,157723,174850,194165,30973,89185,155050,24948,102356,46008,23882,144996,157729,95955,109121
9817,8678,0,0,30455,165773,40548,114769,417068,30966,22991,41365,46120,72436,101419,30974,160447,35515,156013,68237,155913,155129,23629,160496,185236,232253
8659,9826,3,2,24147,169162,32441,26527,23257,24148,113968,33468,239807,25075,51545,36283,154271,23837,23030,146830,22929,26160,198510,169721,149917,30960
8654,8472,1,0,169756,,24751,49543,155782,210276,37169,148302,158545,183670,25496,37233,432040,93457,24150,180330,158879,109330,25150,101969,30348,166019
9825,10003,1,2,30859,427438,35606,177503,38521,159594,75489,242094,36378,50047,46469,30973,111800,193223,24948,259810,38831,46008,109638,144996,95955,26344
10252,8668,1,3,69650,32870,24208,33086,161414,93484,183500,182223,179410,154280,23264,186054,77690,23268,213878,193859,101192,23782,30895,215384,26151,181276
8678,8466,2,0,30974,160447,35515,156013,68237,155913,155129,23629,185236,46349,232253,95336,209405,26552,72665,160627,279490,212470,46010,303339,23293,187266
8197,8659,2,2,37770,49571,38899,23571,43061,278343,173317,103419,139671,20694,286119,24147,169162,32441,26527,163200,33468,24148,113968,25075,51545,239807
9850,8455,1,2,40602,163815,72417,24903,178206,231801,201664,40100,46354,35493,31953,170323,72541,23783,31306,467354,30613,115067,303059,128864,107417,19243
8472,9826,2,2,37233,432040,93457,24150,180330,158879,101969,109330,109058,166019,30348,36283,154271,23837,23030,146830,26160,8985,149917,198510,169721,160194
8654,8586,1,0,169756,24751,49543,155782,158545,163919,148302,37169,210276,183670,25496,26295,191869,160599,264221,276121,361315,160448,174850,157723,110189,194165
8650,8456,3,0,37868,239856,30831,114268,157838,156008,307021,38807,242709,37234,426202,31432,30509,39027,174321,31291,101103,40196,33991,37459,246575,37412
10260,9817,1,0,182917,465614,639058,161012,161035,164676,46893,413557,41468,303824,696365,30455,213809,41927,114769,35712,25816,30966,22991,41365,72436,101419
10194,10261,1,0,288880,36786,119541,200962,37194,23253,186831,176300,26434,110148,33881,23979,104482,24228,279489,308932,127130,160243,94550,108038,31292,351860
8455,10194,1,1,170323,72541,23783,31306,324910,32345,115067,128864,94086,107417,303059,288880,119541,173382,200962,37194,23253,186831,176300,26434,110148,72735
9826,8650,1,2,119079,146830,23837,23030,183519,22929,8985,198510,26160,160194,30960,37868,239856,114268,94043,314605,156008,307021,38807,242709,37234,426202
8668,8654,2,3,186054,263653,23268,213878,193859,215384,101192,77690,30895,181276,26151,169756,575789,148302,49543,155782,37169,163919,210276,158545,183670,25496
8456,10252,4,0,31432,26111,39027,174321,31291,33991,40196,36615,37459,143365,37412,69650,24208,33086,161414,32870,179410,182223,261313,93484,23264,154280
10261,8678,1,3,23979,104482,279489,24228,308932,127130,160243,94550,479020,108038,161420,30974,160447,35515,156013,68237,155913,46810,23629,46349,185236,232253
8466,8472,1,1,95336,149855,26552,209405,46010,212470,209384,23792,303339,94267,41280,37233,432040,93457,26108,180330,158879,184822,109330,109058,166019,101969
10003,9850,1,0,30973,89185,155050,24948,102356,46008,23882,38831,157729,95955,109121,40602,163815,178206,24903,231801,201664,46354,24393,35493,32705,31953
8586,9825,2,2,26295,159833,160599,264221,46353,361315,41008,174850,363333,157723,194165,50065,427438,35606,177503,78513,159594,339992,75489,36378,50047,113836
9817,8197,0,1,30455,213809,41927,417068,35712,46120,37631,22991,41365,101419,72436,37770,49571,23571,38899,43061,278343,173317,319300,139671,20694,286119
8659,10260,1,0,24147,169162,32441,26527,163200,33468,113968,24148,25075,51545,239807,182917,46820,165823,161012,161035,164676,34944,299215,41468,413557,696365
9825,8650,0,0,30859,427438,425255,177503,38521,159594,37436,75489,36378,50047,46469,37868,157838,22764,114268,568571,307021,95327,38807,184536,242709,148315
9826,10252,2,1,119079,146830,23837,23030,183519,28901,26160,35345,46417,198510,35523,69650,183500,24208,161414,473853,56972,182223,179410,23264,107415,312765
8668,8456,0,2,31465,77690,263653,23268,316688,101192,23782,30922,215384,160713,181276,31432,26111,39027,156551,16351,36615,40196,33991,37459,246575,37412
8197,8586,1,1,37770,67850,38899,23571,214570,278343,173317,103419,139671,20694,286119,26295,159833,160599,37762,276121,160448,361315,41008,174850,110189,194165
10260,10261,0,0,109060,46820,165823,161012,362694,46893,30872,41468,449241,303824,30829,24229,277761,24228,30929,240236,109652,160243,479020,108038,39968,351860
9850,10194,1,1,40602,32616,24903,26209,231801,201664,46354,40100,32734,35493,31953,288880,34036,119541,173382,37194,199291,23253,176300,26434,110148,72735
8472,10003,1,1,103428,22964,165526,24150,180330,109058,25150,38759,109330,42598,30348,30973,111800,155050,24948,102356,127130,46008,95955,157729,52563,26344
9817,8466,0,0,30455,213809,41927,40548,35712,30966,41365,24915,101419,37411,72436,30841,72665,26552,176889,160627,166676,212470,538112,23792,303339,41280
8659,8455,2,3,23021,169162,26527,32441,23257,113968,172841,24148,24171,175947,51545,170323,31306,281207,30627,72541,115067,30613,150250,94086,107417,19243
8654,8678,3,4,37780,214685,35110,49543,155782,37169,163919,148302,25496,23933,192899,30974,35515,24625,156013,68237,155913,192780,23629,46349,185236,184321
9825,8659,2,0,30859,427438,35606,46539,38521,339992,75489,50047,36378,604785,46469,24147,169162,32441,43248,163200,156727,113968,33468,24148,175947,239807
10252,8586,0,2,69650,32870,257847,33086,93484,182223,179410,261313,358289,154280,107415,26295,159833,160599,264221,46353,361315,41008,174850,363333,157723,194165
8678,10003,3,2,30974,160447,35515,156013,68237,155913,46810,23629,46349,185236,232253,30973,89185,155050,24948,102356,46008,109638,313668,157729,38831,109121
8197,10261,1,0,37770,49571,23571,38899,43061,278343,319300,173317,139671,20694,286119,23979,104482,24228,279489,160243,109652,127130,479020,108038,94550,351860
8650,8455,1,1,37868,157838,114268,30831,314605,38807,307021,37234,242709,184536,51553,46518,72541,23783,32345,324910,30613,115067,94086,107417,150250,303059
10260,9826,2,0,182917,35327,165823,161012,46820,46893,41468,30829,299215,413557,696365,22998,154271,23358,23030,183519,26160,8985,198510,130670,46417,30960
9850,8456,0,0,40602,24903,72417,178206,25667,201664,24393,46354,23538,35493,302241,31432,26111,39027,174321,31291,33991,40196,101103,37459,143365,37412
10194,8466,1,2,288880,119541,40695,200962,37194,23253,186831,176300,26434,110148,72735,95336,149855,209405,46010,538112,212470,209384,23293,23792,94267,41280
8472,8668,3,0,37233,432040,93457,26108,180330,158879,184822,25150,109330,166019,30348,186054,516273,263653,213878,24846,101192,23782,26151,215384,160713,181276
8654,9817,3,1,169756,158545,35110,49543,155782,210276,37169,148302,25496,192899,47382,30455,165773,41927,40548,35712,131409,30966,37631,25816,37411,46120
8455,8654,2,2,170323,31306,23783,30627,72541,32345,30613,94086,128864,467354,39987,169756,158545,35110,49543,155782,37169,148302,195927,210276,25496,192899
9826,8197,0,1,36283,146830,23837,23030,183519,198510,8985,26160,22929,160194,30960,37770,49571,23571,38899,43061,278343,319300,173317,139671,20694,286119
8668,9825,0,2,186054,77690,23268,213878,24846,212866,101192,30895,215384,160713,181276,50065,427438,177503,46539,38521,159594,339992,50047,36378,604785,113836
8456,10260,0,1,31432,26111,30459,156551,31291,36615,40196,33991,37459,246575,37412,182917,46820,165823,161012,161035,34944,46893,299215,41468,413557,696365
10261,8472,1,1,23979,104482,277761,279489,160243,166422,127130,94550,108038,479020,351860,37233,432040,93457,26108,180330,158879,184822,109330,109058,166019,30348
8466,8650,3,2,95336,149855,209405,26552,46010,23792,212470,209384,94267,23293,41280,37868,239856,114268,94043,157838,37234,47558,307021,184536,51553,426202
10003,10252,1,0,30973,89185,155050,24948,259810,46008,144996,313668,109638,157729,26344,69650,32870,33086,161414,93484,182223,179410,358289,261313,154280,107415
8586,8678,3,0,26295,159833,160599,264221,46353,361315,41008,174850,363333,157723,194165,30974,160447,35515,156013,68237,155913,23629,155129,46349,185236,232253
9817,10194,1,2,30455,213809,40548,114769,417068,37411,30966,37631,41365,101419,72436,288880,36786,119541,200962,173382,23253,186831,33881,26434,110148,172321
8659,9850,0,1,24147,169162,32441,26527,43248,113968,24148,33468,239807,25075,51545,40602,24903,26209,178206,25667,231801,24393,46354,23538,38369,302241
9825,9817,4,0,50065,427438,177503,46539,38521,159594,339992,50047,36378,604785,113836,30455,213809,41927,40548,417068,25816,22991,37631,41365,72436,101419
10252,8455,0,4,69650,32870,24208,33086,93484,56972,182223,179410,358289,107415,154280,170323,72541,458324,324910,31306,32345,30613,150250,604982,467354,39987
8678,8456,0,4,30974,160447,35515,156013,68237,155913,192780,23629,46349,37779,185236,28955,30509,174321,156551,31291,101103,40196,33991,169200,37459,37412
8197,8466,1,0,37770,49571,23571,38899,43061,278343,173317,319300,139671,286119,20694,95336,160627,209405,26552,46010,209384,166676,23792,303339,538112,41280
8650,8586,1,1,37868,157838,114268,94043,314605,156008,307021,38807,37234,184536,51553,26295,159833,160599,264221,46353,361315,41008,212867,363333,157723,194165
10260,8668,1,0,182917,46820,165823,161012,161035,34944,46893,299215,41468,413557,696365,186054,77690,263653,23268,24846,101192,160713,251925,215384,30895,181276
9850,10261,3,2,40602,265918,72417,178206,25667,23538,24393,46354,231801,32705,38369,163604,104482,277761,24228,109652,166422,38373,127130,94550,108038,46700
10194,10003,2,2,188971,36786,119541,200962,37194,23253,186831,26434,96643,110148,172321,30973,89185,155050,24948,111800,46008,23882,109638,157729,38831,26344
8472,8659,0,0,37233,432040,93457,26108,180330,158879,184822,109330,25150,166019,30348,24147,169162,32441,163200,43248,113968,156727,24148,25075,239807,51545
8654,9826,2,2,169756,158545,35110,49543,155782,37169,148302,183670,210276,25496,192899,36283,146830,23030,23837,183519,22929,8985,198510,35345,46417,160194
10252,8678,1,2,69650,183500,33086,161414,93484,706985,182223,179410,30352,23991,154280,30974,35515,24625,156013,68237,155913,46810,23629,46349,185236,37779
9826,9850,1,0,36283,146830,23837,23030,183519,26160,8985,46417,35345,160194,363340,40602,265918,72417,178206,25667,23538,24393,46354,231801,32705,38369
8650,10194,4,1,37868,157838,22764,30831,314605,289817,38807,47558,608125,51553,242709,188971,36786,40695,200962,37194,119541,186831,176300,96643,26434,30830
8456,8659,2,1,31432,30509,156551,174321,16351,33991,78324,101103,26181,143365,37412,24147,169162,43248,32441,163200,33468,24148,156727,175947,239807,51545
8466,10261,3,1,95336,149855,209405,26552,46010,209384,166676,23293,303339,94267,41280,163604,104482,24228,277761,109652,127130,94550,166422,479020,108038,351860
8472,8197,0,2,37233,432040,93457,26108,180330,158879,184822,25150,109330,166019,30348,37770,49571,23571,38899,43061,278343,173317,319300,139671,20694,286119
10003,8455,1,0,30973,89185,155050,24948,102356,46008,109638,95955,157729,52563,109121,46518,72541,31306,458324,324910,30613,32345,128864,604982,150250,46554
8586,10260,3,0,26295,159833,160599,37762,46353,361315,41008,174850,363333,157723,194165,182917,639058,165823,161012,161035,34944,41468,299215,46893,413557,696365
9817,8668,1,1,30455,165773,40548,114769,35712,37411,30966,22991,41365,72436,101419,186054,77690,263653,23268,24846,101192,23782,30895,215384,251925,181276
8654,9825,3,3,169756,109897,35110,49543,155782,148302,37169,158545,25496,210276,47382,50065,427438,177503,46539,38521,339992,159594,50047,36378,604785,113836
9825,9826,1,1,30859,427438,177503,46539,38521,339992,159594,604785,36378,50047,113836,36283,146830,23837,23030,183519,22929,8985,26160,160194,169721,35345
8678,8650,1,2,30974,35515,24625,156013,68237,155913,46810,23629,160496,185236,46349,254472,611682,30831,95327,515338,608125,289817,242709,47558,280653,51553
8455,8456,0,3,170323,72541,31306,23783,324910,30613,32345,94086,604982,150250,19243,31432,30509,156551,174321,16351,36615,40196,33991,26181,169200,37412
8668,8466,1,1,186054,77690,263653,213878,193859,212866,24156,24006,251925,30922,26151,95336,149855,209405,26552,46010,166676,209384,303339,23293,94267,41280
8197,8654,2,2,37770,49571,23571,38899,43061,278343,173317,319300,139671,20694,286119,169756,158545,35110,49543,155782,148302,163919,37169,106228,183670,25496
10260,10252,1,0,182917,35327,165823,161012,161035,39618,46893,41468,30829,303824,696365,69650,32870,161414,33086,93484,182223,179410,183500,23991,30352,154280
10261,10003,3,0,163604,109652,279489,277761,308932,38373,160243,166422,108038,94550,46700,30973,89185,155050,24948,102356,109638,46008,52563,157729,95955,109121
9850,8472,0,3,40602,265918,72417,26209,25667,23538,24393,46354,231801,32705,38369,37233,432040,93457,26108,180330,158879,184822,25150,109330,166019,30348
10194,8586,0,4,24224,119541,40695,200962,173382,23253,186831,176300,26434,110148,96643,26295,159833,160599,37762,46353,361315,41008,174850,363333,157723,194165
8659,9817,0,1,24147,169162,32441,43248,163200,33468,24148,113968,239807,175947,51545,30455,213809,114769,41927,417068,131409,41365,22991,37411,101419,72436
10252,8466,2,4,69650,32870,24208,33086,93484,182223,56972,183500,179410,23991,154280,95336,160627,26552,209405,46010,212470,166676,94267,23792,109491,23293
8678,8455,1,4,30974,35515,24625,156013,68237,160496,46810,23629,24381,37779,185236,46518,72541,31306,32345,324910,115067,30613,150250,94086,107417,19243
9826,8668,0,0,36283,146830,23837,23030,183519,26160,8985,198510,35345,160194,363340,186054,77690,263653,213878,24846,101192,23782,30895,215384,30922,181276
8197,10003,4,0,37770,49571,23571,38899,43061,278343,319300,173317,214570,26554,20694,30973,89185,155050,24948,102356,23882,46008,109638,157729,95955,38831
8650,10261,2,2,37868,611682,30831,114268,314605,289817,47558,38807,242709,37234,51553,163604,109652,277761,279489,308932,38373,160243,166422,94550,479020,46700
8456,10194,4,0,31432,30509,174321,156551,16351,33991,101103,36615,37459,643709,37412,24224,36786,40695,200962,173382,119541,23253,72735,186831,110148,172321
9850,9817,4,2,40602,163815,24903,72417,25667,24393,32734,201664,35493,32705,38369,30455,213809,40548,114769,24915,25816,22991,37631,37411,101419,72436
8472,9825,0,0,37233,432040,93457,26108,180330,158879,184822,25150,109330,166019,30348,30859,427438,35606,46539,38521,339992,75489,50047,36378,604785,46469
8586,8659,1,1,26295,159833,160599,37762,46353,361315,41008,174850,363333,157723,194165,23021,169162,32441,26527,43248,113968,24148,33468,25075,175947,51545
8654,10260,3,2,37780,158545,35110,49543,155782,210276,148302,37169,25496,192899,47382,182917,35327,165823,161012,161035,46893,41468,164676,30829,413557,696365
9825,9850,1,0,30859,427438,35606,46539,38521,339992,75489,50047,36378,604785,46469,40602,163815,24903,26209,25667,201664,24393,46354,231801,35493,31953
8455,8586,2,2,46518,31306,23783,30627,72541,32345,115067,94086,30613,150250,19243,26295,159833,160599,37762,46353,361315,41008,174850,157723,212867,194165
8668,8678,2,1,31465,212866,263653,516273,24846,101192,24156,30895,215384,160713,306913,30974,35515,24625,156013,68237,155913,23629,155129,24381,185236,184321
10260,8197,1,1,182917,35327,165823,161012,161035,34944,39618,299215,30829,413557,696365,37770,49571,23571,38899,43061,278343,173317,319300,214570,26554,20694
10261,9826,1,0,163604,109652,277761,279489,308932,38373,160243,166422,94550,108038,46700,36283,146830,23837,23030,183519,8985,28901,160194,26160,35345,169721
8466,8456,4,2,95336,149855,26552,209405,46010,209384,166676,94267,23792,303339,23293,31432,30509,174321,156551,16351,40196,78324,26181,643709,246575,143365
10194,8472,1,1,188971,36786,119541,40695,37194,23253,186831,176300,39109,110148,30830,37233,432040,93457,26108,180330,158879,184822,25150,109330,166019,30348
10003,8650,3,1,30973,89185,193223,24948,102356,23882,46008,38831,157729,52563,95955,254472,157838,114268,22764,515338,608125,680031,289817,280653,184536,51553
9817,10252,3,2,30455,165773,114769,40548,24915,25816,37631,22991,37411,101419,72436,24579,161414,33086,680815,32870,183500,182223,179410,93484,107415,154280
8659,8654,0,3,24147,169162,32441,26527,43248,113968,24148,682552,25075,175947,51545,169756,158545,35110,49543,155782,37169,148302,210276,192899,47382,25496
10252,10261,0,0,24579,183500,33086,161414,32870,182223,56972,179410,680815,154280,23991,163604,109652,277761,279489,308932,38373,160243,166422,94550,108038,46700
8678,8659,1,1,30974,35515,24625,156013,68237,46349,155129,23629,160496,37779,232253,24147,43248,32441,26527,169162,113968,24148,682552,25075,175947,51545
9826,10194,2,1,36283,146830,23030,23837,183519,35345,28901,26160,160194,363340,169721,188971,36786,40695,119541,37194,23253,186831,176300,39109,110148,30830
8197,8668,3,1,37770,49571,13423,23571,43061,278343,103419,319300,139671,20694,286119,186054,193859,516273,263653,24846,101192,160713,30895,215384,306913,181276
8650,9817,2,0,37868,239856,22764,95327,314605,47558,289817,608125,184536,280653,148315,30455,41927,40548,114769,24915,25816,37631,22991,37411,101419,72436
8456,9825,2,2,31432,26111,156551,174321,31291,33991,101103,40196,169200,643709,37412,30859,427438,177503,46539,38521,339992,75489,50047,604785,113836,46469
9850,10260,0,1,40602,163815,24903,26209,25667,201664,24393,46354,231801,35493,31953,182917,35327,165823,161035,46820,34944,299215,41468,164676,303824,30829
8472,8455,3,2,37233,432040,93457,26108,180330,158879,184822,25150,109330,166019,30348,170323,31306,23783,30627,72541,32345,115067,94086,30613,107417,19243
8586,8466,1,2,26295,159833,160599,37762,46353,361315,160448,212867,157723,174850,194165,95336,149855,26552,209405,46010,166676,209384,303339,23792,94267,23293
8654,10003,1,4,37780,158545,35110,49543,155782,148302,37169,106228,210276,25496,47382,30973,111800,193223,155050,259810,46008,109638,144996,313668,95955,38831
9825,10252,4,0,30859,427438,46539,177503,38521,159594,143793,50047,36378,37436,46469,24579,706985,33086,680815,93484,56972,182223,179410,183500,154280,23991
8455,8197,1,1,170323,72541,31306,23783,324910,30613,115067,150250,94086,107417,303059,37770,49571,13423,23571,43061,173317,319300,492586,103419,278343,286119
8668,9850,3,0,31465,516273,263653,23268,24846,101192,23782,,26151,742405,181276,40602,163815,72417,24903,25667,201664,24393,32734,23538,32705,31953
10260,8678,3,1,182917,35327,165823,161012,693138,34944,41468,299215,30829,413557,696365,38617,35515,24625,156013,68237,155913,23629,46810,24381,184321,185236
10261,8586,5,1,163604,104482,24228,277761,308932,38373,160243,108038,94550,166422,351860,26295,159833,160599,37762,276121,361315,160448,174850,212867,157723,194165
8466,9826,4,1,95336,149855,209405,26552,46010,212470,166676,303339,23792,94267,23293,22998,146830,23358,23030,183519,8985,28901,35345,149917,363340,30960
10194,8654,2,1,24224,119541,40695,200962,37194,23253,186831,33881,96643,110148,172321,37780,109897,35110,49543,155782,158545,148302,37169,210276,192899,47382
10003,8456,1,1,73462,89185,155050,193223,259810,46008,23882,109638,38831,95955,52563,31432,26111,174321,156551,31291,33991,101103,40196,169200,643709,37412
9817,8472,2,2,30455,40548,41927,114769,417068,25816,131409,22991,37411,101419,72436,303919,432040,93457,24150,598091,109058,750435,42598,520230,35443,101969
8659,8650,1,1,24147,169162,32441,26527,43248,113968,24148,682552,25075,175947,51545,157303,239856,22764,95327,515338,289817,562593,47558,148315,608125,280653
10252,8472,2,2,69650,32870,24208,161414,473853,182223,56972,179410,183500,107415,23991,103428,22964,24150,26108,180330,42598,109058,25150,109330,38759,30348
8678,8197,1,1,30974,35515,24625,156013,68237,46349,192780,23629,155913,22045,184321,37770,67850,38899,23571,214570,173317,103419,278343,319300,139671,286119
8455,9826,1,2,170323,31306,281207,23783,72541,30613,115067,150250,94086,107417,19243,119079,146830,23837,23030,183519,28901,26160,35345,46417,198510,169721
8650,8654,0,3,37868,157838,22764,114268,568571,307021,95327,38807,242709,148315,184536,37780,109897,35110,49543,155782,148302,163919,37169,210276,192899,25496
8456,9817,2,0,31432,26111,39027,156551,16351,36615,40196,33991,37459,246575,37412,30455,213809,41927,40548,35712,41365,30966,25816,101419,37411,72436
10261,9825,0,1,24229,104482,277761,30929,240236,160243,109652,94550,108038,254308,351860,30859,427438,177503,38521,46539,37436,159594,196386,75489,50047,31013
8466,9850,3,0,30841,160627,26552,72665,538112,23792,212470,94267,303339,279490,41280,40602,32616,24903,26209,231801,40100,32734,201664,35493,46354,31953
10194,8659,0,1,288880,34036,119541,173382,37194,39109,23253,176300,199291,26434,72735,23021,169162,32441,26527,33086,113968,25075,24148,24171,175947,51545
10003,10260,2,1,30973,111800,155050,24948,102356,46008,127130,95955,157729,38831,26344,109060,46820,165823,161012,362694,30872,46893,41468,164676,303824,30829
8586,8668,0,0,26295,159833,160599,37762,46353,361315,500520,41008,160448,110189,194165,31465,77690,263653,23268,193859,101192,23782,30922,215384,160713,181276
9825,10194,2,0,30859,427438,177503,46539,38521,159594,37436,75489,36378,50047,31013,288880,36786,119541,173382,37194,176300,199291,23253,110148,72735,172321
9826,8456,0,1,119079,154271,23837,26777,183519,28901,26160,198510,35345,46417,160194,31432,26111,39027,156551,16351,33991,36615,40196,26181,143365,37412
8668,8455,3,1,31465,77690,263653,23268,316688,101192,23782,212866,30922,181276,215384,46518,31306,281207,30627,72541,115067,32345,150250,30613,107417,19243
8197,10252,3,2,37770,67850,38899,23571,214570,278343,173317,25818,139671,20694,286119,69650,183500,24208,33086,473853,56972,182223,358289,23991,312765,23264
10260,8650,3,1,182917,46820,165823,161012,362694,34944,30872,41468,164676,303824,39618,37868,157838,22764,114268,568571,38807,95327,307021,242709,148315,214426
9850,8678,3,1,40602,265918,24903,26209,231801,201664,46354,40100,23538,35493,31953,30974,35515,24625,156013,160447,155913,23629,192780,160496,185236,184321
8472,8586,0,1,103428,22964,24150,26108,180330,109330,118929,42598,39139,184822,30348,26295,159833,160599,37762,276121,361315,160448,363333,212867,110189,194165
9817,10003,1,0,30455,213809,40548,41927,24915,30966,41365,25816,101419,37411,72436,30973,111800,155050,24948,102356,127130,46008,95955,157729,38831,26344
8659,8466,0,0,23021,169162,32441,43248,23257,172841,24148,113968,25075,51545,39225,30841,160627,26552,209405,538112,166676,279490,94267,23792,109491,41280
8654,10261,2,0,37780,109897,35110,49543,155782,37169,148302,210276,25496,106228,192899,24229,104482,277761,30929,240236,109652,160243,94550,108038,254308,46700
10252,8659,0,1,69650,32870,24208,33086,473853,182223,56972,312765,23991,358289,23264,23021,169162,32441,43248,23257,24171,113968,24148,175947,51545,239807
8678,8472,2,0,30974,35515,156013,24216,68237,155913,46810,23629,24381,22045,184321,103428,22964,165526,26108,180330,118929,109330,42598,39139,184822,30348
8455,9825,2,0,46518,31306,23783,281207,72541,115067,30613,150250,128864,107417,19243,30859,427438,177503,46539,38521,159594,37436,75489,36378,50047,31013
8650,9850,1,1,37868,307021,22764,94043,157838,184536,95327,314605,38807,148315,51553,40602,32616,24903,26209,231801,40100,201664,32734,46354,23538,31953
8456,8654,1,2,31432,26111,174321,156551,16351,36615,40196,33991,169200,246575,37412,169756,214685,35110,109897,155782,37169,163919,106228,210276,25496,192899
10261,9817,1,2,24229,104482,277761,30929,240236,160243,254308,94550,108038,479020,46700,30455,213809,41927,40548,24915,25816,41365,22991,37411,101419,72436
8466,10260,2,3,30841,72665,26552,209405,538112,166676,212470,303339,279490,94267,41280,182917,46820,165823,161012,161035,34944,46893,41468,30829,303824,413557
10194,8197,2,2,288880,34036,119541,47418,37194,23253,199291,176300,96643,110148,33881,37770,67850,38899,23571,214570,173317,25818,319300,278343,286119,20694
10003,8668,0,0,30973,111800,155050,24948,102356,46008,127130,95955,157729,52563,26344,31465,419196,263653,23268,316688,101192,23782,30922,215384,32705,181276
8586,9826,1,0,26295,159833,160599,37762,276121,361315,363333,212867,174850,110189,194165,119079,154271,26777,23030,183519,28901,26160,198510,35345,46417,160194
8197,9825,2,5,37770,67850,23571,38899,214570,278343,173317,319300,139671,20694,286119,30859,427438,35606,46539,38521,23688,37436,75489,36378,50047,31013
8650,10252,3,2,37868,307021,22764,94043,157838,38807,95327,314605,184536,214426,51553,69650,32870,24208,33086,473853,182223,56972,179410,312765,107415,23991
10260,8472,3,0,182917,35327,165823,161012,46820,34944,46893,41468,30829,303824,413557,103428,22964,24150,26108,180330,109330,25150,39139,42598,184822,24159
10261,8455,2,2,24229,104482,277761,30929,350472,109652,160243,94550,108038,479020,351860,46518,31306,281207,23783,72541,115067,30613,150250,128864,107417,39987
8466,10003,3,1,30841,160627,26552,209405,46010,23792,166676,303339,279490,94267,41280,30973,111800,155050,24948,102356,46008,144996,127130,157729,95955,26344
10194,8678,2,1,288880,34036,119541,200962,37194,23253,39109,176300,96643,110148,33881,30974,35515,156013,24216,68237,155913,46810,23629,24381,22045,184321
8586,8456,4,1,26295,159833,160599,37762,276121,361315,363333,174850,212867,157723,194165,28955,26111,30459,174321,16351,40196,101103,169200,36615,246575,37412
9817,9826,0,1,30455,213809,40548,41927,24915,22991,41365,25816,72436,37411,101419,36283,154271,26777,23837,183519,26160,22929,35345,46417,160194,363340
8659,8668,2,3,23021,169162,26527,43248,23257,24148,113968,175947,239807,24171,51545,31465,419196,23268,213878,316688,101192,23782,251925,215384,32705,181276
8654,9850,2,2,169756,214685,109897,35110,155782,37169,148302,210276,25496,106228,192899,40602,32616,24903,26209,25667,46354,40100,32734,35493,231801,31953
9825,10260,3,0,30859,427438,35606,177503,38521,37436,159594,75489,36378,50047,31013,182917,46820,165823,161012,23354,34944,30872,41468,30829,303824,413557
10252,10194,0,1,69650,32870,24208,33086,473853,261313,182223,179410,38148,107415,23991,288880,34036,119541,200962,37194,39109,23253,33881,96643,110148,72735
8678,9817,1,1,30974,35515,156013,24216,68237,155913,46810,23629,24381,185236,35523,30455,213809,41927,40548,417068,25816,41365,22991,24915,72436,101419
8455,8466,1,3,46518,31306,23783,30627,72541,79574,30613,94086,128864,107417,22543,30841,160627,26552,209405,46010,166676,212470,303339,23792,94267,41280
9826,8659,2,0,36283,154271,23837,26777,183519,26160,28901,198510,35345,160194,363340,23021,169162,43248,32441,23257,24148,113968,175947,24171,239807,51545
8668,8650,1,1,31465,419196,23268,213878,316688,101192,23782,251925,215384,32705,181276,37868,307021,22764,94043,157838,95327,38807,314605,184536,214426,51553
8456,10261,6,1,31432,30509,174321,156551,16351,101103,40196,169200,37459,246575,37412,24229,104482,277761,30929,350472,94550,31292,109652,108038,351860,479020
9850,8197,1,2,40602,32616,24903,26209,231801,32734,40100,46354,23538,35493,31953,37770,49571,23571,38899,43061,139671,319300,173317,214570,20694,286119
8472,8654,2,2,103428,432040,24150,165526,22964,25150,109330,42598,39139,184822,32627,169756,214685,109897,35110,155782,37169,148302,210276,25496,106228,192899
10003,8586,2,2,30973,89185,155050,24948,102356,144996,127130,95955,157729,52563,26344,26295,159833,160599,37762,276121,363333,361315,174850,157723,110189,194165
8455,10252,2,0,46518,72541,281207,30627,324910,79574,604982,94086,30613,150250,19243,69650,32870,24208,33086,30352,358289,182223,179410,312765,107415,154280
9826,8654,1,3,36283,26777,183519,23837,154271,198510,28901,160194,35345,26160,363340,169756,24751,109897,155782,214685,210276,37169,25496,106228,148302,192899
8668,10260,0,3,31465,77690,263653,23268,316688,101192,23782,30895,215384,32705,181276,182917,46820,186137,165823,161035,46893,30872,41468,164676,413557,30829
8456,8678,5,1,31432,30509,174321,156551,26111,36615,40196,33991,169200,246575,143365,38617,35515,156013,24216,68237,160447,46810,23629,155913,192780,35523
10261,9850,6,2,23979,104482,277761,30929,308932,160243,38373,94550,108038,479020,351860,40602,32616,24903,26209,25667,40100,201664,32734,46354,231801,38369
8466,8197,2,2,35496,160627,26552,209405,46010,166676,23792,303339,279490,94267,41280,37770,49571,23571,38899,43061,139671,173317,319300,214570,20694,286119
10003,10194,0,1,30973,89185,155050,24948,102356,46008,127130,313668,95955,52563,26344,288880,34036,119541,200962,37194,23253,39109,176300,96643,110148,172321
8586,8650,0,0,26295,159833,160599,37762,46353,363333,41008,174850,157723,110189,194165,37868,157838,22764,94043,314605,95327,307021,38807,184536,37234,426202
9817,9825,0,3,30455,213809,41927,40548,417068,41365,22991,25816,72436,24915,101419,30859,427438,35606,46539,38521,159594,37436,75489,36378,50047,31013
8659,8472,1,0,23021,169162,32441,43248,23257,175947,24148,113968,33468,239807,51545,103428,432040,24150,26108,22964,109330,25150,118929,35443,32627,184822
